"Sample.name","rs28412942","rs3937039","rs2853517","rs28358568","rs2853519","rs2853520","rs28358570","rs2856982","rs2000974","rs28358571","rs28358572"
"NA06985",NA,NA,NA,NA,NA,NA,NA,NA,NA,NA,NA
"NA06997",0,0,0,0,0,0,0,0,0,0,0
"NA07022",NA,NA,NA,NA,NA,NA,NA,NA,NA,NA,NA
"NA07034",NA,NA,NA,NA,NA,NA,NA,NA,NA,NA,NA
"NA07349",0,0,0,0,0,0,0,0,0,0,0
"NA10830",0,0,0,0,0,0,0,0,0,0,0
"NA10835",0,0,0,0,0,0,0,0,0,0,0
"NA12766",NA,NA,NA,NA,NA,NA,NA,NA,NA,NA,NA
"NA12778",NA,NA,NA,NA,NA,NA,NA,NA,NA,NA,NA
"NA06994",0,0,2,0,0,0,0,0,0,0,0
"NA12812",NA,NA,NA,NA,NA,NA,NA,NA,NA,NA,NA
"NA07000",0,0,2,0,0,0,0,0,0,0,2
"NA12817",0,0,0,0,0,0,0,0,0,0,0
"NA07029",0,0,2,0,0,0,0,0,0,0,0
"NA12343",NA,NA,NA,NA,NA,NA,NA,NA,NA,NA,NA
"NA07031",0,0,0,0,0,0,0,0,0,0,0
"NA12348",NA,NA,NA,NA,NA,NA,NA,NA,NA,NA,NA
"NA07048",NA,NA,NA,NA,NA,NA,NA,NA,NA,NA,NA
"NA12386",0,0,NA,NA,0,0,0,0,0,0,NA
"NA07055",NA,NA,NA,NA,NA,NA,NA,NA,NA,NA,NA
"NA12413",0,0,0,0,0,0,0,0,0,0,0
"NA07346",0,0,2,0,0,0,0,0,0,0,2
"NA12829",0,0,0,0,0,0,0,0,0,0,0
"NA07435",NA,NA,NA,NA,NA,NA,NA,NA,NA,NA,NA
"NA12843",NA,NA,NA,NA,NA,NA,NA,NA,NA,NA,NA
"NA12874",0,0,0,0,0,0,0,0,0,0,0
"NA06986",NA,NA,NA,NA,NA,NA,NA,NA,NA,NA,NA
"NA12273",0,0,0,0,0,0,0,0,0,0,0
"NA06993",NA,NA,NA,NA,NA,NA,NA,NA,NA,NA,NA
"NA12329",NA,0,0,0,0,0,0,0,0,0,0
"NA12336",0,0,0,0,0,0,0,0,0,0,0
"NA10859",0,0,0,0,0,0,0,0,0,0,0
"NA10861",NA,NA,NA,NA,NA,NA,NA,NA,NA,NA,NA
"NA11840",NA,NA,NA,NA,NA,NA,NA,NA,NA,NA,NA
"NA12045",0,0,0,0,0,0,0,0,0,0,0
"NA10857",0,0,0,0,0,0,0,0,0,0,0
"NA12057",NA,NA,NA,NA,NA,NA,NA,NA,NA,NA,NA
"NA10864",NA,NA,NA,NA,NA,NA,NA,NA,NA,NA,NA
"NA12146",NA,NA,NA,NA,NA,NA,NA,NA,NA,NA,NA
"NA11829",0,0,0,0,0,0,0,0,0,2,0
"NA10842",2,0,0,0,0,0,0,0,0,0,0
"NA11831",NA,NA,NA,NA,NA,NA,NA,NA,NA,NA,NA
"NA10847",0,0,0,0,0,0,0,0,0,0,0
"NA11843",NA,NA,NA,NA,NA,NA,NA,NA,NA,NA,NA
"NA10854",NA,NA,NA,NA,NA,NA,NA,NA,NA,NA,NA
"NA11881",0,0,0,0,0,0,0,0,0,0,0
"NA12716",0,0,0,0,0,0,0,0,0,0,0
"NA11893",0,0,0,0,0,0,0,0,0,0,0
"NA12761",0,0,0,0,0,0,0,0,0,0,0
"NA11918",0,0,0,0,0,0,0,0,0,0,0
"NA18485",0,0,0,0,0,0,0,0,0,0,0
"NA11920",0,0,0,0,0,0,0,0,0,0,0
"NA18497",0,0,0,0,0,0,0,0,0,0,0
"NA11932",NA,NA,NA,NA,NA,NA,NA,NA,NA,NA,NA
"NA18500",NA,NA,NA,NA,NA,NA,NA,NA,NA,NA,NA
"NA11994",0,0,NA,0,0,0,0,0,0,0,NA
"NA18745",0,0,0,0,0,0,0,0,0,0,0
"NA07037",0,0,0,0,0,0,0,0,0,0,0
"NA18757",0,0,0,0,0,0,0,0,0,0,0
"NA07051",0,0,0,0,0,0,0,0,0,0,0
"NA18795",0,0,0,0,0,0,0,0,0,0,0
"NA07056",NA,NA,NA,NA,NA,NA,NA,NA,NA,NA,NA
"NA18853",0,0,0,0,0,0,0,0,0,0,0
"NA07347",0,0,0,0,0,0,0,0,0,0,0
"NA18858",NA,NA,NA,NA,NA,NA,NA,NA,NA,NA,NA
"NA12762",NA,NA,NA,NA,NA,NA,NA,NA,NA,NA,NA
"NA12005",NA,NA,NA,NA,NA,NA,NA,NA,NA,NA,NA
"NA18860",NA,NA,NA,NA,NA,NA,NA,NA,NA,NA,NA
"NA12767",NA,NA,NA,NA,NA,NA,NA,NA,NA,NA,NA
"NA12763",NA,NA,NA,NA,NA,NA,NA,NA,NA,NA,NA
"NA12043",NA,NA,NA,NA,NA,NA,NA,NA,NA,NA,NA
"NA18618",NA,NA,NA,NA,NA,NA,NA,NA,NA,NA,NA
"NA12801",NA,NA,NA,NA,NA,NA,NA,NA,NA,NA,NA
"NA12775",NA,NA,NA,NA,NA,NA,NA,NA,NA,NA,NA
"NA12144",0,0,0,0,0,0,0,0,0,0,0
"NA18620",0,0,0,0,0,0,0,0,0,0,0
"NA12813",0,0,2,0,0,0,0,0,0,0,0
"NA12802",0,0,0,0,0,0,0,0,0,0,0
"NA12156",0,0,2,0,0,0,0,0,0,0,0
"NA18625",0,0,0,0,0,0,0,0,0,0,0
"NA12818",0,0,2,0,0,0,0,0,0,0,0
"NA12814",0,0,0,0,0,0,0,0,0,0,0
"NA12264",0,0,2,0,0,0,0,0,0,0,0
"NA18632",0,0,0,0,0,0,0,0,0,0,0
"NA12546",NA,NA,NA,NA,NA,NA,NA,NA,NA,NA,NA
"NA12249",0,0,0,0,0,0,0,0,0,0,0
"NA12283",0,0,0,0,0,0,0,0,0,0,0
"NA18567",0,0,0,0,0,0,0,0,0,0,0
"NA12717",0,0,0,0,0,0,0,0,0,2,0
"NA12275",0,0,0,0,0,0,0,0,0,0,0
"NA12341",0,0,0,0,0,0,0,0,0,0,0
"NA18574",0,0,2,0,0,0,0,0,0,0,0
"NA12748",0,0,0,0,0,0,0,0,0,0,0
"NA12282",0,0,0,0,0,0,0,0,0,0,0
"NA12485",NA,0,0,NA,0,0,0,0,0,0,0
"NA18579",2,0,0,0,0,0,0,0,0,0,0
"NA12750",0,0,NA,0,0,0,0,0,0,0,0
"NA12287",0,0,0,0,0,0,0,0,0,0,0
"NA10838",0,0,0,0,0,0,0,0,0,0,0
"NA18593",NA,NA,NA,NA,NA,NA,NA,NA,NA,NA,NA
"NA12003",NA,NA,NA,NA,NA,NA,NA,NA,NA,NA,NA
"NA12340",NA,NA,NA,NA,NA,NA,NA,NA,NA,NA,NA
"NA10840",NA,NA,NA,NA,NA,NA,NA,NA,NA,NA,NA
"NA18548",NA,NA,NA,NA,NA,NA,NA,NA,NA,NA,NA
"NA12046",NA,NA,NA,NA,NA,NA,NA,NA,NA,NA,NA
"NA12376",NA,NA,NA,NA,NA,NA,NA,NA,NA,NA,NA
"NA10845",NA,NA,NA,NA,NA,NA,NA,NA,NA,NA,NA
"NA18550",NA,NA,NA,NA,NA,NA,NA,NA,NA,NA,NA
"NA12058",NA,NA,NA,NA,NA,NA,NA,NA,NA,NA,NA
"NA12383",NA,NA,NA,NA,NA,NA,NA,NA,NA,NA,NA
"NA10852",NA,NA,NA,NA,NA,NA,NA,NA,NA,NA,NA
"NA18555",NA,NA,NA,NA,NA,NA,NA,NA,NA,NA,NA
"NA12154",NA,NA,NA,NA,NA,NA,NA,NA,NA,NA,NA
"NA12489",NA,NA,NA,NA,NA,NA,NA,NA,NA,NA,NA
"NA12707",NA,NA,NA,NA,NA,NA,NA,NA,NA,NA,NA
"NA18562",NA,NA,NA,NA,NA,NA,NA,NA,NA,NA,NA
"NA12344",NA,NA,NA,NA,NA,NA,NA,NA,NA,NA,NA
"NA11892",NA,NA,NA,NA,NA,NA,NA,NA,NA,NA,NA
"NA12740",NA,NA,NA,NA,NA,NA,NA,NA,NA,NA,NA
"NA18505",NA,NA,NA,NA,NA,NA,NA,NA,NA,NA,NA
"NA12375",NA,NA,NA,NA,NA,NA,NA,NA,NA,NA,NA
"NA11917",NA,NA,NA,NA,NA,NA,NA,NA,NA,NA,NA
"NA12752",NA,NA,NA,NA,NA,NA,NA,NA,NA,NA,NA
"NA18517",NA,NA,NA,NA,NA,NA,NA,NA,NA,NA,NA
"NA12399",0,0,0,0,0,0,0,0,0,0,0
"NA11931",NA,NA,NA,NA,NA,NA,NA,NA,NA,NA,NA
"NA06995",0,0,0,0,0,0,0,0,0,0,0
"NA18637",0,0,0,0,0,0,0,0,0,0,0
"NA12414",NA,NA,NA,NA,NA,NA,NA,NA,NA,NA,NA
"NA11993",NA,NA,NA,NA,NA,NA,NA,NA,NA,NA,NA
"NA12827",0,0,0,0,0,0,0,0,0,0,0
"NA18644",NA,NA,NA,NA,NA,NA,NA,NA,NA,NA,NA
"NA07340",NA,NA,NA,NA,NA,NA,NA,NA,NA,NA,NA
"NA12718",0,0,2,0,0,0,0,0,0,0,0
"NA12865",0,0,0,0,0,0,0,0,0,0,0
"NA18740",0,NA,0,0,0,0,0,0,0,0,0
"NA07345",0,0,2,0,0,0,0,0,0,0,0
"NA12749",0,0,0,0,0,0,0,0,0,0,0
"NA12872",0,0,0,0,0,0,0,0,0,0,0
"NA18865",0,0,2,0,0,0,0,0,0,0,0
"NA07357",0,0,2,0,0,0,0,0,0,0,0
"NA12751",NA,NA,NA,NA,NA,NA,NA,NA,NA,NA,NA
"NA12877",NA,NA,NA,NA,NA,NA,NA,NA,NA,NA,NA
"NA18872",NA,NA,NA,NA,NA,NA,NA,NA,NA,NA,NA
"NA10831",NA,NA,NA,NA,NA,NA,NA,NA,NA,NA,NA
"NA12864",NA,NA,NA,NA,NA,NA,NA,NA,NA,NA,NA
"NA12889",NA,NA,NA,NA,NA,NA,NA,NA,NA,NA,NA
"NA18877",0,0,0,0,0,0,0,0,0,0,0
"NA11891",0,0,0,0,0,0,0,0,0,0,0
"NA12890",0,0,0,0,0,0,0,0,0,0,0
"NA12891",0,0,0,0,0,0,0,0,0,0,0
"NA18531",0,0,0,0,0,0,0,0,0,0,0
"NA11930",0,0,0,0,0,0,0,0,0,0,0
"NA10837",NA,NA,NA,NA,NA,NA,NA,NA,NA,NA,NA
"NA18488",NA,NA,NA,NA,NA,NA,NA,NA,NA,NA,NA
"NA18536",NA,NA,NA,NA,NA,NA,NA,NA,NA,NA,NA
"NA11992",NA,NA,NA,NA,NA,NA,NA,NA,NA,NA,NA
"NA10851",NA,NA,NA,NA,NA,NA,NA,NA,NA,NA,NA
"NA18503",NA,NA,NA,NA,NA,NA,NA,NA,NA,NA,NA
"NA18543",NA,NA,NA,NA,NA,NA,NA,NA,NA,NA,NA
"NA12248",NA,NA,NA,NA,NA,NA,NA,NA,NA,NA,NA
"NA10856",NA,NA,NA,NA,NA,NA,NA,NA,NA,NA,NA
"NA18508",0,0,0,0,0,0,0,0,0,0,0
"NA18606",0,0,0,0,0,0,0,0,0,0,0
"NA12274",0,0,0,0,0,0,0,0,0,0,0
"NA12004",0,0,0,0,0,0,0,0,0,0,0
"NA18510",0,0,0,0,0,0,0,0,0,0,0
"NA18613",0,0,0,0,0,0,0,0,0,0,0
"NA12286",NA,NA,NA,NA,NA,NA,NA,NA,NA,NA,NA
"NA12155",0,0,0,0,0,0,0,0,0,0,0
"NA18515",NA,NA,NA,NA,NA,NA,NA,NA,NA,NA,NA
"NA18909",NA,NA,NA,NA,NA,NA,NA,NA,NA,NA,NA
"NA10836",0,0,0,0,0,0,0,0,0,0,0
"NA10863",0,0,0,0,0,0,0,0,0,0,0
